<?xml version="1.0" encoding="utf-8"?>
<!-- Använd denna om du vill att XML-Schema ska vara kopplat
    <konstmuseet  xmlns="konstmuseet_schema.xsd"
              xmlns:xsi="http://www.w3.org/2001/XMLSchema-instance"
              xsi:schemaLocation="konstmuseet_schema.xsd">
-->
<!-- Använd denna om du vill testa queries

<konstmuseet>

-->
<konstmuseet>
    <utställning>
        <utställningsID>1</utställningsID>
        <titel>Våren efter vintern</titel>
        <bokadYta>25</bokadYta>
        <beräknatYtbehov>20</beräknatYtbehov>
        <entrePris>100</entrePris>
        <startTid>2018-12-19T15:00:00</startTid>
        <slutTid>2019-01-30T20:00:00</slutTid>
        <konstverk>
            <verkID>1</verkID>
            <verkID>2</verkID>
        </konstverk>
    </utställning>
    <utställning>
        <utställningsID>2</utställningsID>
        <titel>Tavlor målade av AI</titel>
        <bokadYta>250</bokadYta>
        <beräknatYtbehov>220</beräknatYtbehov>
        <entrePris>150</entrePris>
        <startTid>2019-01-05T08:00:00</startTid>
        <slutTid>2019-01-20T20:00:00</slutTid>
        <konstverk>
            <verkID>3</verkID>
        </konstverk>
    </utställning>
    <utställning><utställningsID>3</utställningsID>
        <titel>Juldekorationer</titel>
        <bokadYta>90</bokadYta>
        <beräknatYtbehov>100</beräknatYtbehov>
        <entrePris>50</entrePris>
        <startTid>2018-12-05T08:00:00</startTid>
        <slutTid>2018-12-30T20:00:00</slutTid>
        <konstverk>
            <verkID>1</verkID>
        </konstverk>
    </utställning>
    <anställd>
        <personNr>19930612-1234</personNr>
        <namn>Fredrik</namn>
        <telefonNr>0701123425</telefonNr>
        <ePost>fredrik@sweetsbot.ai</ePost>
        <språkKunskap>
            <språkNamn>Svenska</språkNamn>
            <språkNamn>Engelska</språkNamn>
            <språkNamn>Tyska</språkNamn>
        </språkKunskap>
        <utställKval>
            <utställningsID>1</utställningsID>
            <utställningsID>2</utställningsID>
        </utställKval>
    </anställd>
    <anställd>
        <personNr>19250716-1234</personNr>
        <namn>Erik</namn>
        <telefonNr>0808080808</telefonNr>
        <ePost>erik@lenascomputing.ai</ePost>
        <språkKunskap>
            <språkNamn>Svenska</språkNamn>
            <språkNamn>Engelska</språkNamn>
            <språkNamn>Tyska</språkNamn>
            <språkNamn>Kinesiska</språkNamn>
            <språkNamn>Spanska</språkNamn>
        </språkKunskap>
        <utställKval>
            <utställningsID>1</utställningsID>
        </utställKval>
    </anställd>
    <anställd>
        <personNr>19950127-1234</personNr>
        <namn>Melker</namn>
        <telefonNr>0808080808</telefonNr>
        <ePost>melker@mossb.erg</ePost>
        <språkKunskap>
            <språkNamn>Svenska</språkNamn>
            <språkNamn>Franska</språkNamn>
            <språkNamn>Engelska</språkNamn>
        </språkKunskap>
        <utställKval>
            <utställningsID>2</utställningsID>
            <utställningsID>3</utställningsID>
        </utställKval>
    </anställd>
    <språk>Svenska</språk>
    <språk>Engelska</språk>
    <språk>Spanska</språk>
    <språk>Tyska</språk>
    <språk>Kinesiska</språk>
    <språk>Danska</språk>
    <guidadTur>
        <guidadTurID>1</guidadTurID>
        <utställningsID>1</utställningsID>
        <anställdNr>19950127-1234</anställdNr>
        <språk>Svenska</språk>
        <startTid>2018-12-05T08:00:00</startTid>
        <slutTid>2018-12-05T10:00:00</slutTid>
    </guidadTur>
    <guidadTur>
        <guidadTurID>2</guidadTurID>
        <utställningsID>1</utställningsID>
        <anställdNr>19250716-1234</anställdNr>
        <språk>Engelska</språk>
        <startTid>2018-12-05T15:00:00</startTid>
        <slutTid>2018-12-05T18:00:00</slutTid>
    </guidadTur>
    <guidadTur>
        <guidadTurID>3</guidadTurID>
        <utställningsID>1</utställningsID>
        <anställdNr>19250716-1234</anställdNr>
        <språk>Tyska</språk>
        <startTid>2018-12-10T14:00:00</startTid>
        <slutTid>2018-12-10T16:00:00</slutTid>
    </guidadTur>
    <guidadTur>
        <guidadTurID>4</guidadTurID>
        <utställningsID>3</utställningsID>
        <anställdNr>19930612-1234</anställdNr>
        <språk>Kinesiska</språk>
        <startTid>2018-12-12T15:00:00</startTid>
        <slutTid>2018-12-12T18:00:00</slutTid>
    </guidadTur>
    <konstverk>
        <verkID>1</verkID>
        <titel>Mona Lisa</titel>
        <skapadTid>1503</skapadTid>
        <konstnärNamn>Leonardo da Vinci</konstnärNamn>
        <konstverkstyp>Tavla</konstverkstyp>
    </konstverk>
    <konstverk>
        <verkID>2</verkID>
        <titel>David</titel>
        <skapadTid>1501</skapadTid>
        <konstnärNamn>Michelangelo</konstnärNamn>
        <konstverkstyp>Skulptur</konstverkstyp>
    </konstverk>
    <konstverk>
        <verkID>3</verkID>
        <titel>Stjärnenatt</titel>
        <skapadTid>1889</skapadTid>
        <konstnärNamn>Vincent van Gogh</konstnärNamn>
        <konstverkstyp>Tavla</konstverkstyp>
    </konstverk>
</konstmuseet>